{
  "K_ANGLE": 2.1545495896081683,
  "K_POS": 0.47210515866660685,
  "TARGET_SPEED": 319.4893086381237,
  "STEER_SPEED_FACTOR": 56.09509956901368,
  "CORNER_DISTS": [
    5,
    15,
    30,
    50,
    80,
    120,
    200
  ],
  "CORNER_SPEEDS": [
    26,
    70,
    94,
    131,
    185,
    136,
    249
  ],
  "ASYM_BREAKS": [
    0,
    15,
    35,
    60,
    90,
    130
  ],
  "ASYM_SPEEDS": [
    201,
    289,
    176,
    95,
    47,
    42
  ],
  "GEAR_UP": [
    0,
    50,
    80,
    110,
    140,
    170
  ],
  "GEAR_DOWN": [
    0,
    0,
    35,
    65,
    95,
    130
  ],
  "best_lap_time": 125.31599999999999,
  "laps_in_trial": 3,
  "trial_lap_times": [
    125.48,
    125.234,
    125.234
  ]
}