{
  "K_ANGLE": 2.5964051494381666,
  "K_POS": 0.3951481665421914,
  "TARGET_SPEED": 288.11426770153207,
  "STEER_SPEED_FACTOR": 63.78166586080931,
  "CORNER_DISTS": [
    5,
    15,
    30,
    50,
    80,
    120,
    200
  ],
  "CORNER_SPEEDS": [
    32,
    62,
    87,
    120,
    167,
    165,
    264
  ],
  "ASYM_BREAKS": [
    0,
    15,
    35,
    60,
    90,
    130
  ],
  "ASYM_SPEEDS": [
    237,
    252,
    168,
    102,
    57,
    46
  ],
  "GEAR_UP": [
    0,
    50,
    80,
    110,
    140,
    170
  ],
  "GEAR_DOWN": [
    0,
    0,
    35,
    65,
    95,
    130
  ],
  "best_lap_time": 128.53466666666665,
  "laps_in_trial": 3,
  "trial_lap_times": [
    128.588,
    128.588,
    128.428
  ]
}