{
  "K_ANGLE": 2.8170600056522734,
  "K_POS": 0.5200445932170211,
  "TARGET_SPEED": 330.85953500990115,
  "STEER_SPEED_FACTOR": 51.7539342540531,
  "CORNER_DISTS": [
    5,
    15,
    30,
    50,
    80,
    120,
    200
  ],
  "CORNER_SPEEDS": [
    31,
    76,
    112,
    133,
    153,
    140,
    269
  ],
  "ASYM_BREAKS": [
    0,
    15,
    35,
    60,
    90,
    130
  ],
  "ASYM_SPEEDS": [
    161,
    323,
    195,
    129,
    52,
    37
  ],
  "GEAR_UP": [
    0,
    50,
    80,
    110,
    140,
    170
  ],
  "GEAR_DOWN": [
    0,
    0,
    35,
    65,
    95,
    130
  ],
  "best_lap_time": 116.86333333333333,
  "laps_in_trial": 3,
  "trial_lap_times": [
    116.858,
    116.866,
    116.866
  ]
}