{
  "K_ANGLE": 3.526167434853774,
  "K_POS": 0.6688772106991144,
  "TARGET_SPEED": 420.35053800775995,
  "STEER_SPEED_FACTOR": 55.12439736197722,
  "CORNER_DISTS": [
    5,
    15,
    30,
    50,
    80,
    120,
    200
  ],
  "CORNER_SPEEDS": [
    39,
    82,
    112,
    128,
    192,
    159,
    242
  ],
  "ASYM_BREAKS": [
    0,
    15,
    35,
    60,
    90,
    130
  ],
  "ASYM_SPEEDS": [
    167,
    297,
    207,
    167,
    53,
    36
  ],
  "GEAR_UP": [
    0,
    50,
    80,
    110,
    140,
    170
  ],
  "GEAR_DOWN": [
    0,
    0,
    35,
    65,
    95,
    130
  ],
  "best_lap_time": 112.58,
  "laps_in_trial": 5,
  "trial_lap_times": [
    112.58,
    112.58,
    112.58,
    112.58,
    112.58
  ]
}