{
  "K_ANGLE": 6.198051453057903,
  "K_POS": 0.18981965689758282,
  "TARGET_SPEED": 300.0,
  "STEER_SPEED_FACTOR": 134.0149921028045,
  "CORNER_DISTS": [
    5,
    15,
    30,
    50,
    80,
    120,
    200
  ],
  "CORNER_SPEEDS": [
    34,
    50,
    76,
    108,
    167,
    176,
    282
  ],
  "ASYM_BREAKS": [
    0,
    15,
    35,
    60,
    90,
    130
  ],
  "ASYM_SPEEDS": [
    290,
    180,
    167,
    95,
    57,
    59
  ],
  "GEAR_UP": [
    0,
    50,
    80,
    110,
    140,
    170
  ],
  "GEAR_DOWN": [
    0,
    0,
    35,
    65,
    95,
    130
  ],
  "best_lap_time": 135.93800000000002,
  "laps_in_trial": 3,
  "trial_lap_times": [
    135.942,
    136.014,
    135.858
  ]
}