{
  "K_ANGLE": 3.224096865747808,
  "K_POS": 0.6180299349721231,
  "TARGET_SPEED": 391.62964964260095,
  "STEER_SPEED_FACTOR": 50.67101259299101,
  "CORNER_DISTS": [
    5,
    15,
    30,
    50,
    80,
    120,
    200
  ],
  "CORNER_SPEEDS": [
    33,
    78,
    104,
    135,
    178,
    154,
    314
  ],
  "ASYM_BREAKS": [
    0,
    15,
    35,
    60,
    90,
    130
  ],
  "ASYM_SPEEDS": [
    166,
    327,
    209,
    151,
    46,
    42
  ],
  "GEAR_UP": [
    0,
    50,
    80,
    110,
    140,
    170
  ],
  "GEAR_DOWN": [
    0,
    0,
    35,
    65,
    95,
    130
  ],
  "best_lap_time": 115.52,
  "laps_in_trial": 3,
  "trial_lap_times": [
    115.52,
    115.52,
    115.52
  ]
}