{
  "K_ANGLE": 2.4484079861932644,
  "K_POS": 0.4786126757808285,
  "TARGET_SPEED": 314.9342569386514,
  "STEER_SPEED_FACTOR": 55.13154779313025,
  "CORNER_DISTS": [
    5,
    15,
    30,
    50,
    80,
    120,
    200
  ],
  "CORNER_SPEEDS": [
    27,
    76,
    107,
    138,
    159,
    138,
    281
  ],
  "ASYM_BREAKS": [
    0,
    15,
    35,
    60,
    90,
    130
  ],
  "ASYM_SPEEDS": [
    177,
    312,
    192,
    109,
    44,
    34
  ],
  "GEAR_UP": [
    0,
    50,
    80,
    110,
    140,
    170
  ],
  "GEAR_DOWN": [
    0,
    0,
    35,
    65,
    95,
    130
  ],
  "best_lap_time": 120.76799999999999,
  "laps_in_trial": 3,
  "trial_lap_times": [
    120.768,
    120.768,
    120.768
  ]
}