{
  "K_ANGLE": 3.243584547494824,
  "K_POS": 0.6205196024709175,
  "TARGET_SPEED": 427.6297591185696,
  "STEER_SPEED_FACTOR": 57.63154935182392,
  "CORNER_DISTS": [
    5,
    15,
    30,
    50,
    80,
    120,
    200
  ],
  "CORNER_SPEEDS": [
    35,
    75,
    112,
    133,
    185,
    157,
    263
  ],
  "ASYM_BREAKS": [
    0,
    15,
    35,
    60,
    90,
    130
  ],
  "ASYM_SPEEDS": [
    155,
    307,
    212,
    156,
    52,
    41
  ],
  "GEAR_UP": [
    0,
    50,
    80,
    110,
    140,
    170
  ],
  "GEAR_DOWN": [
    0,
    0,
    35,
    65,
    95,
    130
  ],
  "best_lap_time": 114.162,
  "laps_in_trial": 4,
  "trial_lap_times": [
    114.162,
    114.162,
    114.162,
    114.162
  ]
}